{
  "product_name": "ComposeForDataWarehouses",
  "product_version": "9.9.9.999",
  "created_on": "06/30/2020 11:55:23",
  "objects": [
    {
      "id": 6,
      "path": "/",
      "name": "test",
      "type": "Entity",
      "creation_time": 0,
      "modification_time": 0,
      "inner_item": {
        "$type": "EntityDto",
        "time_model_entity_id": 0,
        "is_reference_entity": false,
        "id": 6,
        "name": "test",
        "version": 637280801822590000,
        "metadata": {
          "creation_time": 637280801822590000,
          "modification_time": 637280801822590000,
          "tags": [],
          "caller_role": "NONE"
        }
      },
      "tags": [],
      "software_version": 1
    },
    {
      "id": 1,
      "path": "/",
      "name": "settings",
      "type": "ACProjectSettings",
      "creation_time": 0,
      "modification_time": 0,
      "inner_item": {
        "$type": "ACProjectSettings",
        "from_date_col_name": "FD",
        "to_date_col_name": "TD",
        "lowest_date": "1780-01-01",
        "highest_date": "9999-12-31",
        "unknown_date": "7777-07-07",
        "unknown_string": "Unknown",
        "map_name_prefix": "Map",
        "stop_after_staging": false,
        "use_datetime2": false,
        "unknown_guid": "00000000-0000-0000-0000-000000000000",
        "unknown_number": "0",
        "unknown_byte": "0",
        "dwh_key_name": "ID",
        "naming_conv": {
          "dwh_prefix": "TDWH_",
          "hub_suffix": "_HUB",
          "sat_suffix": "_S",
          "lnk_suffix": "_L",
          "dma_prefix": "TDMA_",
          "dwh_view_prefix": "VDWH_",
          "replicate_change_table_suffix": "__ct",
          "error_mart_suffix": "__ex",
          "dma_view_prefix": "VDMA_",
          "ct_archive_suffix": "__ar"
        },
        "create_ddl_scripts_only": false,
        "ignore_data_type_check": false,
        "write_tdwm_to_db": true,
        "hide_default_workflows": false,
        "soft_delete": false,
        "support_backdating": false,
        "name": "settings",
        "version": 637053431496180000,
        "metadata": {
          "creation_time": 637053431397670000,
          "modification_time": 637053431496180000,
          "tags": [],
          "caller_role": "NONE"
        }
      },
      "tags": [],
      "software_version": 1
    },
    {
      "id": 3,
      "path": "/",
      "name": "d",
      "type": "Database",
      "creation_time": 0,
      "modification_time": 0,
      "inner_item": {
        "$type": "DatabaseDto",
        "usage": "DATA_WAREHOUSE",
        "dbms": "SQL Server",
        "server_name": "sm2012b.qa.int",
        "database_name": "ori_dwh",
        "user_name": "sa",
        "password": "",
        "included_schemas": "dbo",
        "templateDatabaseType": "SQLSERVER",
        "dma_schema": "dbo",
        "original_sourcedb_id": 0,
        "has_source_definition": false,
        "landing_zone": {
          "landing_type": "DATABASE",
          "replicate_task_type": "FULL_LOAD_AND_CDC",
          "associate_with_replicate_task": false,
          "archive_settings": {
            "ct_post_processing": "DO_NOTHING"
          }
        },
        "display_name": "Microsoft SQL Server",
        "port": 1434,
        "db_settings": {
          "$type": "SqlServerDbSettings",
          "windows_authentication": false
        },
        "multibyte_character_multiplier": 1,
        "apply_ddl_changes": false,
        "max_table_cols_single_read": 100,
        "use_long_object_names": false,
        "use_zoo_keeper": false,
        "zoo_keeper_namespace": "hiveserver2",
        "cache_only_the_discovered_tables": true,
        "full_connection_string": {
          "enabled": false,
          "jdbc": "jdbc:sqlserver://sm2012b.qa.int:1434;databaseName=ori_dwh;",
          "odbc": "Server=sm2012b.qa.int,1434;Database=ori_dwh;"
        },
        "id": 3,
        "name": "d",
        "version": 637278151590770000,
        "metadata": {
          "creation_time": 637053431397670000,
          "modification_time": 637278151590770000,
          "tags": [],
          "caller_role": "NONE"
        }
      },
      "tags": [],
      "software_version": 5
    },
    {
      "id": 4,
      "path": "/",
      "name": "s",
      "type": "Database",
      "creation_time": 0,
      "modification_time": 0,
      "inner_item": {
        "$type": "DatabaseDto",
        "usage": "SOURCE",
        "dbms": "SQL Server",
        "server_name": "sm2012b.qa.int",
        "database_name": "northwind",
        "user_name": "sa",
        "password": "",
        "included_schemas": "dbo",
        "templateDatabaseType": "SQLSERVER",
        "dma_schema": "dbo",
        "original_sourcedb_id": 0,
        "has_source_definition": true,
        "landing_zone": {
          "landing_type": "DATABASE",
          "db_name": "ori_land",
          "schema_name": "ori",
          "replicate_task_type": "FULL_LOAD_AND_CDC",
          "error_marts_schema": "err",
          "replicate_task_name": "fl_cdc",
          "associate_with_replicate_task": true,
          "archive_settings": {
            "ct_post_processing": "DELETE"
          },
          "task_uuid": "8b2aabd5-7c8a-a349-8dea-f950f5f3b215"
        },
        "display_name": "Microsoft SQL Server",
        "port": 1434,
        "db_settings": {
          "$type": "SqlServerDbSettings",
          "windows_authentication": false
        },
        "multibyte_character_multiplier": 1,
        "apply_ddl_changes": false,
        "max_table_cols_single_read": 100,
        "use_long_object_names": false,
        "use_zoo_keeper": false,
        "zoo_keeper_namespace": "hiveserver2",
        "cache_only_the_discovered_tables": true,
        "full_connection_string": {
          "enabled": false
        },
        "id": 4,
        "name": "s",
        "version": 637280800070880000,
        "metadata": {
          "creation_time": 637053431397670000,
          "modification_time": 637280800070880000,
          "tags": [],
          "caller_role": "NONE"
        }
      },
      "tags": [],
      "software_version": 5
    },
    {
      "id": 5,
      "path": "/",
      "name": "s_Landing",
      "type": "Database",
      "creation_time": 0,
      "modification_time": 0,
      "inner_item": {
        "$type": "DatabaseDto",
        "usage": "SOURCE",
        "dbms": "SQL Server",
        "server_name": "sm2012b.qa.int",
        "database_name": "ori_land",
        "user_name": "sa",
        "password": "",
        "included_schemas": "ori",
        "templateDatabaseType": "SQLSERVER",
        "dma_schema": "dbo",
        "original_sourcedb_id": 4,
        "has_source_definition": true,
        "display_name": "Microsoft SQL Server",
        "port": 1434,
        "db_settings": {
          "$type": "SqlServerDbSettings",
          "windows_authentication": false
        },
        "multibyte_character_multiplier": 1,
        "apply_ddl_changes": false,
        "max_table_cols_single_read": 100,
        "original_sourcedb_name": "s",
        "use_long_object_names": false,
        "use_zoo_keeper": false,
        "zoo_keeper_namespace": "hiveserver2",
        "cache_only_the_discovered_tables": true,
        "id": 5,
        "name": "s_Landing",
        "version": 637280800070980000,
        "metadata": {
          "creation_time": 637053431397670000,
          "modification_time": 637280800070980000,
          "tags": [],
          "caller_role": "NONE"
        }
      },
      "tags": [],
      "software_version": 5
    },
    {
      "id": 14,
      "path": "/",
      "name": "VersionControl",
      "type": "VersionControl",
      "creation_time": 0,
      "modification_time": 0,
      "inner_item": {
        "$type": "VersionControlDto",
        "type": "Git",
        "use_remote_server": true,
        "remote_url": "https://github.com/oriporat/rosie2020.git",
        "user_name": "ori.porat@attunity.com",
        "password": "",
        "name": "VersionControl",
        "version": 637291148425600000,
        "metadata": {
          "creation_time": 637291148425600000,
          "modification_time": 637291148425600000,
          "tags": [],
          "caller_role": "NONE"
        }
      },
      "tags": [],
      "software_version": 1
    },
    {
      "id": 7,
      "path": "/",
      "name": "ta",
      "type": "DomainAttribute",
      "creation_time": 0,
      "modification_time": 0,
      "inner_item": {
        "$type": "DomainAttributeDto",
        "type": "Integer",
        "length": 0,
        "scale": 0,
        "time_model_entity_id": 0,
        "is_reference_entity": false,
        "id": 7,
        "name": "ta",
        "version": 637280801822690000,
        "metadata": {
          "creation_time": 637280801822690000,
          "modification_time": 637280801822690000,
          "tags": [],
          "caller_role": "NONE"
        }
      },
      "tags": [],
      "software_version": 2
    },
    {
      "id": 8,
      "path": "/",
      "name": "tb",
      "type": "DomainAttribute",
      "creation_time": 0,
      "modification_time": 0,
      "inner_item": {
        "$type": "DomainAttributeDto",
        "type": "Varchar",
        "length": 10,
        "scale": 0,
        "time_model_entity_id": 0,
        "is_reference_entity": false,
        "id": 8,
        "name": "tb",
        "version": 637280801822720000,
        "metadata": {
          "creation_time": 637280801822720000,
          "modification_time": 637280801822720000,
          "tags": [],
          "caller_role": "NONE"
        }
      },
      "tags": [],
      "software_version": 2
    },
    {
      "id": 2,
      "path": "/",
      "name": "sql",
      "type": "ExecutionServiceDto",
      "creation_time": 0,
      "modification_time": 0,
      "inner_item": {
        "$type": "ExecutionServiceDto",
        "max_runtime_instances_to_keep": 100,
        "name": "sql",
        "version": 637291147441820000,
        "metadata": {
          "creation_time": 637053431397670000,
          "modification_time": 637291147441820000,
          "tags": [],
          "caller_role": "NONE"
        }
      },
      "tags": [],
      "software_version": 1
    },
    {
      "id": 9,
      "path": "/",
      "name": "3d4d8836-723e-4dde-b9e9-eaef4220e594",
      "type": "TableColumn",
      "creation_time": 0,
      "modification_time": 0,
      "inner_item": {
        "$type": "TableColumnDto",
        "poe": 6,
        "pbe": 7,
        "prefix": "",
        "is_primary": true,
        "history_type": "N",
        "block": 0,
        "ordinal": 100,
        "time_model_role_id": 0,
        "id": 9,
        "name": "3d4d8836-723e-4dde-b9e9-eaef4220e594",
        "version": 637280801822780000,
        "metadata": {
          "creation_time": 637280801822780000,
          "modification_time": 637280801822780000,
          "tags": [],
          "caller_role": "NONE"
        }
      },
      "tags": [],
      "software_version": 1
    },
    {
      "id": 10,
      "path": "/",
      "name": "296b9384-981e-44bd-b123-e4a06478a290",
      "type": "TableColumn",
      "creation_time": 0,
      "modification_time": 0,
      "inner_item": {
        "$type": "TableColumnDto",
        "poe": 6,
        "pbe": 8,
        "prefix": "",
        "is_primary": false,
        "history_type": "N",
        "block": 0,
        "ordinal": 200,
        "time_model_role_id": 0,
        "id": 10,
        "name": "296b9384-981e-44bd-b123-e4a06478a290",
        "version": 637280801822830000,
        "metadata": {
          "creation_time": 637280801822830000,
          "modification_time": 637280801822830000,
          "tags": [],
          "caller_role": "NONE"
        }
      },
      "tags": [],
      "software_version": 1
    },
    {
      "id": 13,
      "path": "/",
      "name": "Map_test_s",
      "type": "Mapping",
      "creation_time": 0,
      "modification_time": 0,
      "inner_item": {
        "$type": "MappingDto",
        "entity_id": 6,
        "is_active_mapping_pi": false,
        "schema": "ori",
        "database_id": 5,
        "table_name": "test",
        "mapping_type": "TABLE",
        "is_aggregated": false,
        "mapping_fields": [
          {
            "mapping_type": "DIRECT",
            "source_col_name": "ta",
            "staging_col_name_int": "COLID_9_7"
          },
          {
            "mapping_type": "DIRECT",
            "source_col_name": "tb",
            "staging_col_name_int": "COLID_10_8"
          }
        ],
        "mapping_query": "",
        "data_quality_rules": [
          {
            "action": "REJECT_AND_REPORT",
            "type": "EXPRESSION",
            "name": "Business Keys cannot be NULL",
            "enabled": false,
            "order": 0,
            "is_internal": true
          }
        ],
        "cleansing_rules": [],
        "null_behaviour": "USE_ETL_SETTING",
        "id": 13,
        "name": "Map_test_s",
        "version": 637280801823180000,
        "metadata": {
          "creation_time": 637280801823150000,
          "modification_time": 637280801823180000,
          "tags": [],
          "caller_role": "NONE"
        }
      },
      "tags": [],
      "software_version": 2
    },
    {
      "id": 11,
      "path": "/",
      "name": "s",
      "type": "ETLInfo",
      "creation_time": 0,
      "modification_time": 0,
      "inner_item": {
        "$type": "ETLInfoDto",
        "data": {
          "seqr_processing": false,
          "FULLREBUILD": false,
          "SELOFRUNS": 0,
          "EMPTYRUNNRSTABLE": true,
          "INSERTRUNNRSTABLE": true,
          "MAXCDC_COLUMNS": 10,
          "SPLITRELSANDATTS": false,
          "STOPAFTERSTAGING": false,
          "PARAM_RUNNR": "1",
          "dm_cohorts": [],
          "engine_settings": {
            "thread_connection_settings": {
              "thread_pool_size": 10,
              "thread_pool_max": 18,
              "thread_queue_max": 10000,
              "thread_timeout": 3000
            },
            "database_connection_settings": {
              "db_pool_size": 200,
              "db_reap_interval": 30000,
              "db_lease_timeout": 60000,
              "print_db_leases": false
            },
            "engine_logging_settings": {
              "log_level": "INFO",
              "log_file": "$project-path$\\$task-name$\\$task-name$_Log.log",
              "log_file_timestamp": true,
              "log_console": true,
              "log_stack_trace": false,
              "log_jdbc_driver_output": false,
              "log_mapping_fields": false,
              "log_mapping_values": false,
              "log_sync_provider_output": false,
              "log_prep_statmt_bindings": false,
              "log_dbms_leasing": false,
              "log_table_contents": false,
              "log_sql_monitor_output": false,
              "log_param_substitution": false,
              "log_mop_ids": false,
              "log_java_env": false,
              "log_mopping_state": false,
              "log_table_cache_rows": 20,
              "print_final_log": false,
              "print_dbms_info": false,
              "create_missing_tables": false
            },
            "mopping_thread_settings": {
              "mop_direct_write": false,
              "mop_thread_pool_size": 18,
              "mop_thread_pool_max": 18,
              "mop_thread_queue_max": 2500,
              "mop_thread_timeout": 3000,
              "mop_write_queue_max": 100,
              "mop_no_id_ledelins": true,
              "mop_without_write": false
            },
            "general_settings": {
              "java_mem": "-Xms1024M -Xmx4096M",
              "stt_date": "NOW",
              "up_ddate": "NOW",
              "tgt_os": "MSWL",
              "tgt_sh": "cmd",
              "validate_data_types": false,
              "validate_only": false,
              "fetch_size": 1000,
              "batch_max_rows": 20,
              "nr_of_committed_rows": 10000,
              "parameter_worm": true,
              "instruction_delay": false,
              "memory_reaper": false,
              "ORACLE_DATADIRECT": false,
              "ORACLE_TNSNAMES": "",
              "SQLSERVER_DATADIRECT": false,
              "SQLSERVER_DRIVER_1_1": true,
              "JTDS": false,
              "DB2_DATADIRECT": false,
              "encrypted_password": true,
              "change_processing_by_query": false
            },
            "advanced_settings": {
              "retain_stg_tables": false,
              "retain_imt_tables": false,
              "imt_tables_volatile": false,
              "write_etl_cmnds_to_db": false
            },
            "spark_settings": {
              "properties": {}
            }
          },
          "workflow_position": 1,
          "dwh_full_load": false,
          "dm_enable_table_logging": false,
          "allow_updating_to_null": true,
          "do_not_create_indexes": false,
          "CDC__delay": 0
        },
        "active_mappings": [
          13
        ],
        "entity_action": [],
        "etl_type": "DataWarehouse",
        "active_custom_etls": [],
        "id": 11,
        "name": "s",
        "version": 637280801823200000,
        "metadata": {
          "creation_time": 637280801822920000,
          "modification_time": 637280801823200000,
          "tags": [],
          "caller_role": "NONE"
        }
      },
      "tags": [],
      "software_version": 1
    },
    {
      "id": 12,
      "path": "/",
      "name": "s_CDC",
      "type": "ETLInfo",
      "creation_time": 0,
      "modification_time": 0,
      "inner_item": {
        "$type": "ETLInfoDto",
        "data": {
          "seqr_processing": false,
          "FULLREBUILD": false,
          "SELOFRUNS": 0,
          "EMPTYRUNNRSTABLE": true,
          "INSERTRUNNRSTABLE": true,
          "MAXCDC_COLUMNS": 10,
          "SPLITRELSANDATTS": false,
          "STOPAFTERSTAGING": false,
          "PARAM_RUNNR": "1",
          "dm_cohorts": [],
          "engine_settings": {
            "thread_connection_settings": {
              "thread_pool_size": 10,
              "thread_pool_max": 18,
              "thread_queue_max": 10000,
              "thread_timeout": 3000
            },
            "database_connection_settings": {
              "db_pool_size": 200,
              "db_reap_interval": 30000,
              "db_lease_timeout": 60000,
              "print_db_leases": false
            },
            "engine_logging_settings": {
              "log_level": "INFO",
              "log_file": "$project-path$\\$task-name$\\$task-name$_Log.log",
              "log_file_timestamp": true,
              "log_console": true,
              "log_stack_trace": false,
              "log_jdbc_driver_output": false,
              "log_mapping_fields": false,
              "log_mapping_values": false,
              "log_sync_provider_output": false,
              "log_prep_statmt_bindings": false,
              "log_dbms_leasing": false,
              "log_table_contents": false,
              "log_sql_monitor_output": false,
              "log_param_substitution": false,
              "log_mop_ids": false,
              "log_java_env": false,
              "log_mopping_state": false,
              "log_table_cache_rows": 20,
              "print_final_log": false,
              "print_dbms_info": false,
              "create_missing_tables": false
            },
            "mopping_thread_settings": {
              "mop_direct_write": false,
              "mop_thread_pool_size": 18,
              "mop_thread_pool_max": 18,
              "mop_thread_queue_max": 2500,
              "mop_thread_timeout": 3000,
              "mop_write_queue_max": 100,
              "mop_no_id_ledelins": true,
              "mop_without_write": false
            },
            "general_settings": {
              "java_mem": "-Xms1024M -Xmx4096M",
              "stt_date": "NOW",
              "up_ddate": "NOW",
              "tgt_os": "MSWL",
              "tgt_sh": "cmd",
              "validate_data_types": false,
              "validate_only": false,
              "fetch_size": 1000,
              "batch_max_rows": 20,
              "nr_of_committed_rows": 10000,
              "parameter_worm": true,
              "instruction_delay": false,
              "memory_reaper": false,
              "ORACLE_DATADIRECT": false,
              "ORACLE_TNSNAMES": "",
              "SQLSERVER_DATADIRECT": false,
              "SQLSERVER_DRIVER_1_1": true,
              "JTDS": false,
              "DB2_DATADIRECT": false,
              "encrypted_password": true,
              "change_processing_by_query": false
            },
            "advanced_settings": {
              "retain_stg_tables": false,
              "retain_imt_tables": false,
              "imt_tables_volatile": false,
              "write_etl_cmnds_to_db": false
            },
            "spark_settings": {
              "properties": {}
            }
          },
          "workflow_position": 1,
          "dwh_full_load": false,
          "dm_enable_table_logging": false,
          "allow_updating_to_null": true,
          "do_not_create_indexes": false,
          "CDC__delay": 0
        },
        "active_mappings": [
          13
        ],
        "entity_action": [
          {
            "handle_duplicates": true,
            "ext_load": false,
            "entity_id": 6
          }
        ],
        "etl_type": "DataWarehouse_CDC",
        "active_custom_etls": [],
        "id": 12,
        "name": "s_CDC",
        "version": 637280801823220000,
        "metadata": {
          "creation_time": 637280801823040000,
          "modification_time": 637280801823220000,
          "tags": [],
          "caller_role": "NONE"
        }
      },
      "tags": [],
      "software_version": 1
    }
  ]
}